{"assets/fonts/roboto/Roboto-Black.ttf":["assets/fonts/roboto/Roboto-Black.ttf"],"assets/fonts/roboto/Roboto-Bold.ttf":["assets/fonts/roboto/Roboto-Bold.ttf"],"assets/fonts/roboto/Roboto-Light.ttf":["assets/fonts/roboto/Roboto-Light.ttf"],"assets/fonts/roboto/Roboto-Medium.ttf":["assets/fonts/roboto/Roboto-Medium.ttf"],"assets/fonts/roboto/Roboto-Regular.ttf":["assets/fonts/roboto/Roboto-Regular.ttf"],"assets/fonts/roboto/Roboto-Thin.ttf":["assets/fonts/roboto/Roboto-Thin.ttf"],"assets/gif/no_data.gif":["assets/gif/no_data.gif"],"assets/gif/sync.gif":["assets/gif/sync.gif"],"assets/icons/actos.png":["assets/icons/actos.png"],"assets/icons/actos2.png":["assets/icons/actos2.png"],"assets/icons/advertencia.png":["assets/icons/advertencia.png"],"assets/icons/aprobacion_materias.png":["assets/icons/aprobacion_materias.png"],"assets/icons/documento.png":["assets/icons/documento.png"],"assets/icons/edificio.png":["assets/icons/edificio.png"],"assets/icons/estadistica_monitoreo.png":["assets/icons/estadistica_monitoreo.png"],"assets/icons/estadistica_residuos.png":["assets/icons/estadistica_residuos.png"],"assets/icons/externo-icon.png":["assets/icons/externo-icon.png"],"assets/icons/factura.png":["assets/icons/factura.png"],"assets/icons/filter-icon.png":["assets/icons/filter-icon.png"],"assets/icons/grafico.png":["assets/icons/grafico.png"],"assets/icons/icon-estado-naranja.png":["assets/icons/icon-estado-naranja.png"],"assets/icons/icon-estado-rojo.png":["assets/icons/icon-estado-rojo.png"],"assets/icons/icon-estado-verde.png":["assets/icons/icon-estado-verde.png"],"assets/icons/incidencia.png":["assets/icons/incidencia.png"],"assets/icons/interno-icon-2.png":["assets/icons/interno-icon-2.png"],"assets/icons/interno-icon.png":["assets/icons/interno-icon.png"],"assets/icons/loading.svg":["assets/icons/loading.svg"],"assets/icons/marker_icon.png":["assets/icons/marker_icon.png"],"assets/icons/marker_icon2.svg":["assets/icons/marker_icon2.svg"],"assets/icons/muestras_monitoreo.png":["assets/icons/muestras_monitoreo.png"],"assets/icons/planes_accion.png":["assets/icons/planes_accion.png"],"assets/icons/residuos_almacenamiento.png":["assets/icons/residuos_almacenamiento.png"],"assets/icons/residuos_disp_final.png":["assets/icons/residuos_disp_final.png"],"assets/icons/tablero.png":["assets/icons/tablero.png"],"assets/images/subir_Evidencia.png":["assets/images/subir_Evidencia.png"],"assets/images/subir_Evidencia_2.png":["assets/images/subir_Evidencia_2.png"],"assets/logo/back_.png":["assets/logo/back_.png"],"assets/logo/logo-dmt.png":["assets/logo/logo-dmt.png"],"assets/logo/logo2.jpg":["assets/logo/logo2.jpg"],"assets/logo/logo_.png":["assets/logo/logo_.png"],"assets/logo/logo_eco.png":["assets/logo/logo_eco.png"],"assets/logo/logo_safe2biz_.jpeg":["assets/logo/logo_safe2biz_.jpeg"],"packages/awesome_dialog/assets/flare/error.flr":["packages/awesome_dialog/assets/flare/error.flr"],"packages/awesome_dialog/assets/flare/info.flr":["packages/awesome_dialog/assets/flare/info.flr"],"packages/awesome_dialog/assets/flare/info2.flr":["packages/awesome_dialog/assets/flare/info2.flr"],"packages/awesome_dialog/assets/flare/info_without_loop.flr":["packages/awesome_dialog/assets/flare/info_without_loop.flr"],"packages/awesome_dialog/assets/flare/question.flr":["packages/awesome_dialog/assets/flare/question.flr"],"packages/awesome_dialog/assets/flare/succes.flr":["packages/awesome_dialog/assets/flare/succes.flr"],"packages/awesome_dialog/assets/flare/succes_without_loop.flr":["packages/awesome_dialog/assets/flare/succes_without_loop.flr"],"packages/awesome_dialog/assets/flare/warning.flr":["packages/awesome_dialog/assets/flare/warning.flr"],"packages/awesome_dialog/assets/flare/warning_without_loop.flr":["packages/awesome_dialog/assets/flare/warning_without_loop.flr"],"packages/awesome_dialog/assets/rive/error.riv":["packages/awesome_dialog/assets/rive/error.riv"],"packages/awesome_dialog/assets/rive/info.riv":["packages/awesome_dialog/assets/rive/info.riv"],"packages/awesome_dialog/assets/rive/info_reverse.riv":["packages/awesome_dialog/assets/rive/info_reverse.riv"],"packages/awesome_dialog/assets/rive/question.riv":["packages/awesome_dialog/assets/rive/question.riv"],"packages/awesome_dialog/assets/rive/success.riv":["packages/awesome_dialog/assets/rive/success.riv"],"packages/awesome_dialog/assets/rive/warning.riv":["packages/awesome_dialog/assets/rive/warning.riv"],"packages/cupertino_icons/assets/CupertinoIcons.ttf":["packages/cupertino_icons/assets/CupertinoIcons.ttf"],"packages/font_awesome_flutter/lib/fonts/fa-brands-400.ttf":["packages/font_awesome_flutter/lib/fonts/fa-brands-400.ttf"],"packages/font_awesome_flutter/lib/fonts/fa-regular-400.ttf":["packages/font_awesome_flutter/lib/fonts/fa-regular-400.ttf"],"packages/font_awesome_flutter/lib/fonts/fa-solid-900.ttf":["packages/font_awesome_flutter/lib/fonts/fa-solid-900.ttf"],"packages/timezone/data/latest_all.tzf":["packages/timezone/data/latest_all.tzf"]}